specialty,familyName,givenName
General practice,Rivers,Jonah
Allergy and immunology,Sloan,Randal
General practice,Rodriguez,Palmer
Dermatology,Akers,Helga
General practice,Palmer,Olin
Gastroenterology,Wilder,Soledad
General practice,Coffey,Joni
General practice,Bowling,Jarod
General practice,Turner,Angel
General surgery,Johnston,Shon
General practice,Cannon,Rhea
Geriatrics,Mcmillan,Gaylord
General practice,Pearce,Josie
Internal medicine,Whitfield,Alba
General practice,Knowles,Rolland
Obstetrics and gynecology,Sinclair,Caitlin
General practice,Law,Eddie
Oral and maxillofacial surgery,Malone,Scottie
General practice,Mayfield,Margot
Orthopedics,Rasmussen,Meagan
General practice,Wilder,Robert
Otorhinolaryngology,Newsome,Clay
General practice,Kendrick,Yvette
Pediatrics,Livingston,Gonzalo
General practice,Prince,Lilian
Physical medicine and rehabilitation,Norman,Fanny
General practice,Riddle,Brittany
Podiatric medicine,Cleveland,Kristi
General practice,Price,Edwardo
Sports medicine,Garrett,Fredric
General practice,Spears,Lowell
Urology,Rutledge,Staci